{"model": "js.oslom", "dataset": "kegg", "128": {"repeat_1": {"lp": {"0": {"n_test_G_nodes": 4664, "n_test_G_edges": 9813, "n_train_G_nodes": 7113, "n_train_G_edges": 26640, "nn": {"AUC": 0.7811132012514588, "prec_curve": [[10, 1.0], [100, 1.0], [500, 0.988], [750, 0.992], [1000, 0.992]]}}, "1": {"n_test_G_edges": 9776, "n_train_G_edges": 26539, "n_test_G_nodes": 4622, "n_train_G_nodes": 7053, "nn": {"AUC": 0.7651140979378337, "prec_curve": [[10, 1.0], [100, 1.0], [500, 0.996], [750, 0.992], [1000, 0.987]]}}, "2": {"n_train_G_edges": 26495, "n_train_G_nodes": 7082, "n_test_G_edges": 9656, "n_test_G_nodes": 4582, "nn": {"AUC": 0.7703342753778876, "prec_curve": [[10, 1.0], [100, 1.0], [500, 0.994], [750, 0.996], [1000, 0.992]]}}, "3": {"n_train_G_edges": 26503, "n_test_G_edges": 9686, "n_test_G_nodes": 4594, "n_train_G_nodes": 7093, "nn": {"AUC": 0.7716198183140579, "prec_curve": [[10, 1.0], [100, 1.0], [500, 0.992], [750, 0.9893333333333333], [1000, 0.99]]}}, "4": {"n_test_G_edges": 9842, "n_test_G_nodes": 4635, "n_train_G_edges": 26651, "n_train_G_nodes": 7093, "nn": {"AUC": 0.7697903134512082, "prec_curve": [[10, 1.0], [100, 1.0], [500, 0.994], [750, 0.9906666666666667], [1000, 0.989]]}}}}}}